<environmentvariabledefinition schemaname="rp_AzureSpeechtoTextServiceKey">
  <description default="Use either Key 1 or Key 2 from your Azure Speech to Text service.  Remember to make your Azure Speech to Text service available to the public so that this flow can call the endpoint.">
    <label description="Use either Key 1 or Key 2 from your Azure Speech to Text service.  Remember to make your Azure Speech to Text service available to the public so that this flow can call the endpoint." languagecode="1033" />
  </description>
  <displayname default="Azure Speech to Text Service Key">
    <label description="Azure Speech to Text Service Key" languagecode="1033" />
  </displayname>
  <introducedversion>1.0.0.1</introducedversion>
  <iscustomizable>1</iscustomizable>
  <isrequired>0</isrequired>
  <secretstore>0</secretstore>
  <type>100000000</type>
</environmentvariabledefinition>