<environmentvariabledefinition schemaname="rp_AzureSpeechtoTextServiceLanguage">
  <description default="The language of the audio recorded in the .wav file you wish to transcribe.  Visit https://docs.microsoft.com/en-us/azure/cognitive-services/speech-service/language-support.">
    <label description="The language of the audio recorded in the .wav file you wish to transcribe.  Visit https://docs.microsoft.com/en-us/azure/cognitive-services/speech-service/language-support." languagecode="1033" />
  </description>
  <displayname default="Azure Speech to Text Service Language">
    <label description="Azure Speech to Text Service Language" languagecode="1033" />
  </displayname>
  <introducedversion>1.0.0.1</introducedversion>
  <iscustomizable>1</iscustomizable>
  <isrequired>0</isrequired>
  <secretstore>0</secretstore>
  <type>100000000</type>
</environmentvariabledefinition>