<environmentvariabledefinition schemaname="rp_AzureSpeechtoTextServiceRegion">
  <description default="The region of your Azure Speech to Text Service.">
    <label description="The region of your Azure Speech to Text Service." languagecode="1033" />
  </description>
  <displayname default="Azure Speech to Text Service Region">
    <label description="Azure Speech to Text Service Region" languagecode="1033" />
  </displayname>
  <introducedversion>1.0.0.1</introducedversion>
  <iscustomizable>1</iscustomizable>
  <isrequired>0</isrequired>
  <secretstore>0</secretstore>
  <type>100000000</type>
</environmentvariabledefinition>